setting,mean_return,success_rate,mean_collisions,timesteps,num_agents
random,-31.95766666666667,0.0,5.566666666666666,100000,3
ppo_shared,-12.666666666666677,0.0,6.666666666666667,100000,3
